data_hora,acao,conta,nota
2026-10-10 01:47,DM,lucianomoraes.ia,agradecimento por seguir + amostra gratis
2026-10-10 01:48,follow,Neo Sete Gestao,sugestao
2026-10-10 01:48,follow,Leonardo Lombardi,sugestao
2026-10-10 01:48,follow,Jardim Solucoes Contabeis,sugestao
2026-10-10 01:48,follow,Valorizacao Contabil,sugestao
2026-10-10 01:48,follow,Joao Paulo Moutinho,sugestao
2026-10-10 01:50,DM,gariba_jorge_batista,comentou no reel
2026-10-10 01:50,DM,inventormiguel,curtiu comentario
2026-10-10 01:50,DM,aloisioqueirozjr,curtiu reel
2026-10-10 01:50,DM_FALHOU,celinhafalleiros,conta nao aceita pedidos de mensagem
2026-10-10 01:51,follow+DM,jessicamartins.rh,afiliado 30% (RH 32k)
2026-10-10 01:51,follow,eucatiaporto/coisaboaparaler/hr.brasil/ebx.rh/monicahauck/rh.summit,sugestoes RH
2026-10-10 01:52,follow+DM,caio.pellegrini,afiliado 30% (IA PME)
2026-10-10 01:53,follow+DM,edusobreira.iapi,afiliado 30% (IA PME)
2026-10-10 01:54,follow+DM,elvizio.vanzo,afiliado 30% (IA PME)
2026-10-10 02:05,linkedin_convites,11 gerentes RH/T&D (Jhonny Camargo; Adrielli Araujo; Thamires Jesus; Viviane Menezes; Renata Souza; Ivan Cortez; Fernanda Silva Santos; Daniela Felix; Sandra Garcia Negro; Marcela Birindelli),sem nota
2026-10-10 02:10,linkedin_post,pagina AREIA IA,post stat Pluxee + diagnostico + amostra
